<server description="B2BServer for Bluemix deployment">

    <!-- Enable features -->
    <featureManager>
    	<feature>concurrent-1.0</feature>
		<feature>jaxrs-2.0</feature>
		<feature>jndi-1.0</feature>
		<feature>jsf-2.2</feature>
		<feature>servlet-3.1</feature>
        <feature>localConnector-1.0</feature>
    </featureManager>
    
    <webContainer deferServletLoad="false"/>

    <!-- To access this server from a remote client add a host attribute to the following element, e.g. host="*" -->
    <httpEndpoint httpPort="9080" httpsPort="9443" id="defaultHttpEndpoint"/>
                  
    <!-- Automatically expand WAR files and EAR files -->
	<applicationManager autoExpand="true"/>
    <applicationMonitor updateTrigger="mbean"/>

    <library filesetRef="${shared.config.dir}" id="global" name="SharedJars">
                <fileset dir="${shared.config.dir}/lib/global" id="sharedJars" includes="*.jar"/>
    </library>      
</server>